ユーザー名,会社名,部署名
"Kosuke Shibuya","株式会社 佐藤",fuga
"青山 真綾","株式会社 笹田",
"山岸 和也","株式会社 佐藤",cupiditate
"渡辺 直子","株式会社 山田",
"吉田 知実","株式会社 佐藤",fuga
"山本 桃子","株式会社 佐藤","cupiditate,fuga"
"喜嶋 桃子","株式会社 佐藤",fuga
"加納 太郎","株式会社 佐藤",
"中島 陽一","株式会社 山田",
"若松 桃子","有限会社 青田",
"田辺 亮介","株式会社 山田",
"小泉 舞","株式会社 佐藤",
"中村 裕樹","株式会社 佐藤",cupiditate
"佐々木 くみ子","株式会社 笹田",
"工藤 浩","有限会社 青田",
"佐々木 直人","有限会社 斉藤",
"原田 里佳","株式会社 山田",
"中津川 太郎","有限会社 斉藤",
"江古田 洋介","株式会社 佐藤",
"工藤 あすか","株式会社 山田",
"加納 稔","株式会社 山田",
"加納 結衣","株式会社 山田",
"松本 晃","株式会社 山田",
"渚 加奈","有限会社 青田",
"山本 太一","有限会社 青田",
"杉山 明美","有限会社 青田",
"大垣 七夏","有限会社 斉藤",
"斉藤 晃","有限会社 斉藤",
"松本 桃子","株式会社 笹田",
"喜嶋 翔太","株式会社 笹田",
"木村 太一","有限会社 青田",
"坂本 明美","有限会社 青田",
"江古田 和也","株式会社 佐藤",
"若松 舞","株式会社 山田",
"井高 浩","株式会社 山田",
"桐山 七夏","株式会社 山田",
"中村 英樹","株式会社 佐藤",
"山口 裕樹","有限会社 斉藤",
"加納 太一","有限会社 青田",
"若松 くみ子","有限会社 青田",
"小泉 浩","有限会社 青田",
"三宅 治","株式会社 佐藤",
"江古田 加奈","株式会社 山田",
"村山 桃子","株式会社 笹田",
"石田 翔太","有限会社 青田",
"喜嶋 あすか","株式会社 山田",
"高橋 裕美子","有限会社 斉藤",
"山口 幹","株式会社 山田",
"山本 陽子","株式会社 佐藤",
"田辺 あすか","株式会社 笹田",
"小泉 真綾","有限会社 斉藤",
"中津川 くみ子","株式会社 笹田",
"吉田 零","有限会社 青田",
"佐々木 裕美子","株式会社 佐藤",
"野村 桃子","株式会社 山田",
"中村 英樹","有限会社 青田",
"廣川 稔","有限会社 斉藤",
"加納 直樹","株式会社 佐藤",
"近藤 舞","株式会社 笹田",
"斉藤 裕美子","有限会社 青田",
"杉山 加奈","有限会社 斉藤",
"中村 美加子","株式会社 佐藤",
"宮沢 知実","有限会社 青田",
"山岸 花子","株式会社 山田",
"加藤 里佳","株式会社 山田",
"大垣 あすか","株式会社 佐藤",
"浜田 七夏","株式会社 笹田",
"大垣 直人","株式会社 笹田",
"若松 桃子","有限会社 斉藤",
"渡辺 さゆり","株式会社 笹田",
"喜嶋 翼","有限会社 青田",
"野村 涼平","株式会社 山田",
"吉本 香織","株式会社 山田",
"藤本 結衣","有限会社 斉藤",
"井上 太郎","有限会社 青田",
"井高 陽子","有限会社 斉藤",
"青山 裕美子","有限会社 青田",
"野村 美加子","株式会社 笹田",
"吉田 花子","有限会社 青田",
"中島 美加子","株式会社 笹田",
"青田 裕太","有限会社 斉藤",
"西之園 晃","株式会社 佐藤",
"宮沢 裕太","株式会社 笹田",
"山本 太一","株式会社 佐藤",
"青山 直子","有限会社 青田",
"大垣 七夏","株式会社 山田",
"斉藤 太一","株式会社 佐藤",
"吉田 七夏","株式会社 山田",
"大垣 あすか","有限会社 青田",
"石田 拓真","株式会社 佐藤",
"中島 太一","有限会社 斉藤",
"西之園 英樹","有限会社 斉藤",
"井高 春香","株式会社 笹田",
"青田 太郎","株式会社 笹田",
"宮沢 太郎","有限会社 斉藤",
"伊藤 桃子","株式会社 佐藤",
"高橋 花子","株式会社 山田",
"渡辺 花子","有限会社 斉藤",
"山本 春香","株式会社 佐藤",
"田中 修平","株式会社 笹田",
"中村 治","株式会社 佐藤",
